{"mean":{"confidence_interval":{"confidence_level":0.95,"lower_bound":43289361695.63,"upper_bound":43396990641.46},"point_estimate":43338890254.95,"standard_error":27348436.680439122},"median":{"confidence_interval":{"confidence_level":0.95,"lower_bound":43233985050.0,"upper_bound":43245162566.0},"point_estimate":43240470077.0,"standard_error":2902621.985505056},"median_abs_dev":{"confidence_interval":{"confidence_level":0.95,"lower_bound":16214108.425042033,"upper_bound":31712819.36738491},"point_estimate":23796751.088923216,"standard_error":4028270.6098751877},"slope":null,"std_dev":{"confidence_interval":{"confidence_level":0.95,"lower_bound":180065049.28747454,"upper_bound":356530052.7904505},"point_estimate":276644218.1646244,"standard_error":44908794.077521704}}