{"mean":{"confidence_interval":{"confidence_level":0.95,"lower_bound":0.11088756234512315,"upper_bound":0.11759874557322594},"point_estimate":0.11421538507935702,"standard_error":0.001709892397470607},"median":{"confidence_interval":{"confidence_level":0.95,"lower_bound":0.10992369151998238,"upper_bound":0.11888459298530996},"point_estimate":0.11342620002427539,"standard_error":0.002307321210069437}}