{"mean":{"confidence_interval":{"confidence_level":0.95,"lower_bound":7267198599.82275,"upper_bound":7353718215.95},"point_estimate":7310025501.97,"standard_error":22123975.46232758},"median":{"confidence_interval":{"confidence_level":0.95,"lower_bound":7203291343.5,"upper_bound":7340473773.5},"point_estimate":7273459308.5,"standard_error":37147835.43361611},"median_abs_dev":{"confidence_interval":{"confidence_level":0.95,"lower_bound":178524946.22116864,"upper_bound":318356579.6430409},"point_estimate":229157285.82534492,"standard_error":38343427.28426583},"slope":null,"std_dev":{"confidence_interval":{"confidence_level":0.95,"lower_bound":198204722.6788401,"upper_bound":244312151.1911852},"point_estimate":223591509.13753116,"standard_error":11766964.010880549}}