{"mean":{"confidence_interval":{"confidence_level":0.95,"lower_bound":7669507617.4965,"upper_bound":7717464236.094501},"point_estimate":7692647219.38,"standard_error":12231568.745614445},"median":{"confidence_interval":{"confidence_level":0.95,"lower_bound":7656716766.0,"upper_bound":7694285791.0},"point_estimate":7666501690.5,"standard_error":10450997.832348688},"median_abs_dev":{"confidence_interval":{"confidence_level":0.95,"lower_bound":67279318.59225333,"upper_bound":111064942.13230312},"point_estimate":80286727.84282565,"standard_error":11256492.505183846},"slope":null,"std_dev":{"confidence_interval":{"confidence_level":0.95,"lower_bound":94330851.21750417,"upper_bound":149055612.56422234},"point_estimate":123693197.75905158,"standard_error":13996597.835091034}}