{"mean":{"confidence_interval":{"confidence_level":0.95,"lower_bound":7989873014.57025,"upper_bound":8034805944.98},"point_estimate":8012583439.17,"standard_error":11456858.246909903},"median":{"confidence_interval":{"confidence_level":0.95,"lower_bound":8009784238.0,"upper_bound":8062015996.0},"point_estimate":8035128254.0,"standard_error":12339064.426195666},"median_abs_dev":{"confidence_interval":{"confidence_level":0.95,"lower_bound":70049734.55506861,"upper_bound":115943837.64768541},"point_estimate":88588250.61674416,"standard_error":11977406.111529144},"slope":null,"std_dev":{"confidence_interval":{"confidence_level":0.95,"lower_bound":94120538.88225435,"upper_bound":133221373.17040625},"point_estimate":115069140.8637261,"standard_error":9975234.221513996}}