{"mean":{"confidence_interval":{"confidence_level":0.95,"lower_bound":1908081752.02725,"upper_bound":1917735917.2684999},"point_estimate":1912848651.51,"standard_error":2475017.046149036},"median":{"confidence_interval":{"confidence_level":0.95,"lower_bound":1903090650.0,"upper_bound":1916293446.0},"point_estimate":1908397700.5,"standard_error":3474640.5041154874},"median_abs_dev":{"confidence_interval":{"confidence_level":0.95,"lower_bound":21365221.89769149,"upper_bound":33520503.848192096},"point_estimate":26606258.765244484,"standard_error":3208024.363106125},"slope":null,"std_dev":{"confidence_interval":{"confidence_level":0.95,"lower_bound":20853239.24659735,"upper_bound":28402460.78691063},"point_estimate":24844389.284413822,"standard_error":1931264.363284937}}