{"mean":{"confidence_interval":{"confidence_level":0.95,"lower_bound":7638524428.75725,"upper_bound":7663596389.78475},"point_estimate":7650818269.24,"standard_error":6396168.245949352},"median":{"confidence_interval":{"confidence_level":0.95,"lower_bound":7635437565.0,"upper_bound":7662906218.0},"point_estimate":7650460187.0,"standard_error":6806073.770516582},"median_abs_dev":{"confidence_interval":{"confidence_level":0.95,"lower_bound":43025505.3194596,"upper_bound":75292634.30948853},"point_estimate":59110725.73197484,"standard_error":8470220.898010572},"slope":null,"std_dev":{"confidence_interval":{"confidence_level":0.95,"lower_bound":52546860.61571465,"upper_bound":75258965.78593944},"point_estimate":64222146.02110268,"standard_error":5803942.671801966}}