{"mean":{"confidence_interval":{"confidence_level":0.95,"lower_bound":7535604785.20675,"upper_bound":7538035061.35},"point_estimate":7536875366.02,"standard_error":622983.6436368255},"median":{"confidence_interval":{"confidence_level":0.95,"lower_bound":7537572198.0,"upper_bound":7538642341.0},"point_estimate":7538233440.0,"standard_error":228860.4401895094},"median_abs_dev":{"confidence_interval":{"confidence_level":0.95,"lower_bound":2368868.178229183,"upper_bound":3965436.7608994246},"point_estimate":3334844.737994671,"standard_error":416401.45121804136},"slope":null,"std_dev":{"confidence_interval":{"confidence_level":0.95,"lower_bound":4614421.780823617,"upper_bound":7715428.361272451},"point_estimate":6300465.492702762,"standard_error":790156.2267346537}}