{"mean":{"confidence_interval":{"confidence_level":0.95,"lower_bound":2187732.8604347818,"upper_bound":2195100.0599999996},"point_estimate":2190998.856086957,"standard_error":1909.7925669895362},"median":{"confidence_interval":{"confidence_level":0.95,"lower_bound":2185218.9565217393,"upper_bound":2187358.9565217393},"point_estimate":2186177.4565217393,"standard_error":575.015661020633},"median_abs_dev":{"confidence_interval":{"confidence_level":0.95,"lower_bound":2815.296197844348,"upper_bound":7577.536235037493},"point_estimate":4616.977470206073,"standard_error":1182.3178255574871},"slope":null,"std_dev":{"confidence_interval":{"confidence_level":0.95,"lower_bound":9505.776488845046,"upper_bound":28928.045516772923},"point_estimate":19328.387735384455,"standard_error":5486.305066084348}}