{"mean":{"confidence_interval":{"confidence_level":0.95,"lower_bound":221423100.45,"upper_bound":222612955.39375},"point_estimate":221881127.79,"standard_error":319561.4648284347},"median":{"confidence_interval":{"confidence_level":0.95,"lower_bound":221341122.0,"upper_bound":221511500.0},"point_estimate":221381646.0,"standard_error":35761.91107702938},"median_abs_dev":{"confidence_interval":{"confidence_level":0.95,"lower_bound":227704.37565743923,"upper_bound":359752.8836131096},"point_estimate":301672.7709442377,"standard_error":33709.061016851316},"slope":null,"std_dev":{"confidence_interval":{"confidence_level":0.95,"lower_bound":284535.3411156195,"upper_bound":5288737.27721572},"point_estimate":3210047.554158199,"standard_error":1449590.0031357242}}